date,阿根廷,孟加拉国,白俄罗斯,比利时,巴西,加拿大,智利,中国,哥伦比亚,厄瓜多尔,埃及,法国,德国,印度,印度尼西亚,伊朗,意大利,科威特,墨西哥,荷兰,巴基斯坦,秘鲁,菲律宾,波兰,葡萄牙,卡塔尔,俄罗斯,沙特阿拉伯,新加坡,南非,西班牙,瑞典,土耳其,乌克兰,阿联酋,英国,美国
2020/1/22,0,0,0,0,0,0,0,548,0,0,0,0,0,0,0,0,0,0,0,0,0,0,0,0,0,0,0,0,0,0,0,0,0,0,0,0,1
2020/1/23,0,0,0,0,0,0,0,643,0,0,0,0,0,0,0,0,0,0,0,0,0,0,0,0,0,0,0,0,1,0,0,0,0,0,0,0,1
2020/1/24,0,0,0,0,0,0,0,920,0,0,0,2,0,0,0,0,0,0,0,0,0,0,0,0,0,0,0,0,3,0,0,0,0,0,0,0,2
2020/1/25,0,0,0,0,0,0,0,1406,0,0,0,3,0,0,0,0,0,0,0,0,0,0,0,0,0,0,0,0,3,0,0,0,0,0,0,0,2
2020/1/26,0,0,0,0,0,1,0,2075,0,0,0,3,0,0,0,0,0,0,0,0,0,0,0,0,0,0,0,0,4,0,0,0,0,0,0,0,5
2020/1/27,0,0,0,0,0,1,0,2877,0,0,0,3,1,0,0,0,0,0,0,0,0,0,0,0,0,0,0,0,5,0,0,0,0,0,0,0,5
2020/1/28,0,0,0,0,0,2,0,5509,0,0,0,4,4,0,0,0,0,0,0,0,0,0,0,0,0,0,0,0,7,0,0,0,0,0,0,0,5
2020/1/29,0,0,0,0,0,2,0,6087,0,0,0,5,4,0,0,0,0,0,0,0,0,0,0,0,0,0,0,0,7,0,0,0,0,0,4,0,5
2020/1/30,0,0,0,0,0,2,0,8141,0,0,0,5,4,1,0,0,0,0,0,0,0,0,1,0,0,0,0,0,10,0,0,0,0,0,4,0,5
2020/1/31,0,0,0,0,0,4,0,9802,0,0,0,5,5,1,0,0,2,0,0,0,0,0,1,0,0,0,2,0,13,0,0,1,0,0,4,2,7
2020/2/1,0,0,0,0,0,4,0,11891,0,0,0,6,8,1,0,0,2,0,0,0,0,0,1,0,0,0,2,0,16,0,1,1,0,0,4,2,8
2020/2/2,0,0,0,0,0,4,0,16630,0,0,0,6,10,2,0,0,2,0,0,0,0,0,2,0,0,0,2,0,18,0,1,1,0,0,5,2,8
2020/2/3,0,0,0,0,0,4,0,19716,0,0,0,6,12,3,0,0,2,0,0,0,0,0,2,0,0,0,2,0,18,0,1,1,0,0,5,2,11
2020/2/4,0,0,0,1,0,4,0,23707,0,0,0,6,12,3,0,0,2,0,0,0,0,0,2,0,0,0,2,0,24,0,1,1,0,0,5,2,11
2020/2/5,0,0,0,1,0,5,0,27440,0,0,0,6,12,3,0,0,2,0,0,0,0,0,2,0,0,0,2,0,28,0,1,1,0,0,5,2,11
2020/2/6,0,0,0,1,0,5,0,30587,0,0,0,6,12,3,0,0,2,0,0,0,0,0,2,0,0,0,2,0,28,0,1,1,0,0,5,2,11
2020/2/7,0,0,0,1,0,7,0,34110,0,0,0,6,13,3,0,0,3,0,0,0,0,0,3,0,0,0,2,0,30,0,1,1,0,0,5,3,11
2020/2/8,0,0,0,1,0,7,0,36814,0,0,0,11,13,3,0,0,3,0,0,0,0,0,3,0,0,0,2,0,33,0,1,1,0,0,7,3,11
2020/2/9,0,0,0,1,0,7,0,39829,0,0,0,11,14,3,0,0,3,0,0,0,0,0,3,0,0,0,2,0,40,0,2,1,0,0,7,3,11
2020/2/10,0,0,0,1,0,7,0,42354,0,0,0,11,14,3,0,0,3,0,0,0,0,0,3,0,0,0,2,0,45,0,2,1,0,0,8,8,11
2020/2/11,0,0,0,1,0,7,0,44386,0,0,0,11,16,3,0,0,3,0,0,0,0,0,3,0,0,0,2,0,47,0,2,1,0,0,8,8,12
2020/2/12,0,0,0,1,0,7,0,44759,0,0,0,11,16,3,0,0,3,0,0,0,0,0,3,0,0,0,2,0,50,0,2,1,0,0,8,9,12
2020/2/13,0,0,0,1,0,7,0,59895,0,0,0,11,16,3,0,0,3,0,0,0,0,0,3,0,0,0,2,0,58,0,2,1,0,0,8,9,13
2020/2/14,0,0,0,1,0,7,0,66358,0,0,1,11,16,3,0,0,3,0,0,0,0,0,3,0,0,0,2,0,67,0,2,1,0,0,8,9,13
2020/2/15,0,0,0,1,0,7,0,68413,0,0,1,12,16,3,0,0,3,0,0,0,0,0,3,0,0,0,2,0,72,0,2,1,0,0,8,9,13
2020/2/16,0,0,0,1,0,7,0,70513,0,0,1,12,16,3,0,0,3,0,0,0,0,0,3,0,0,0,2,0,75,0,2,1,0,0,9,9,13
2020/2/17,0,0,0,1,0,8,0,72434,0,0,1,12,16,3,0,0,3,0,0,0,0,0,3,0,0,0,2,0,77,0,2,1,0,0,9,9,13
2020/2/18,0,0,0,1,0,8,0,74211,0,0,1,12,16,3,0,0,3,0,0,0,0,0,3,0,0,0,2,0,81,0,2,1,0,0,9,9,13
2020/2/19,0,0,0,1,0,8,0,74619,0,0,1,12,16,3,0,2,3,0,0,0,0,0,3,0,0,0,2,0,84,0,2,1,0,0,9,9,13
2020/2/20,0,0,0,1,0,8,0,75077,0,0,1,12,16,3,0,5,3,0,0,0,0,0,3,0,0,0,2,0,84,0,2,1,0,0,9,9,13
2020/2/21,0,0,0,1,0,9,0,75550,0,0,1,12,16,3,0,18,20,0,0,0,0,0,3,0,0,0,2,0,85,0,2,1,0,0,9,9,15
2020/2/22,0,0,0,1,0,9,0,77001,0,0,1,12,16,3,0,28,62,0,0,0,0,0,3,0,0,0,2,0,85,0,2,1,0,0,13,9,15
2020/2/23,0,0,0,1,0,9,0,77022,0,0,1,12,16,3,0,43,155,0,0,0,0,0,3,0,0,0,2,0,89,0,2,1,0,0,13,9,15
2020/2/24,0,0,0,1,0,10,0,77241,0,0,1,12,16,3,0,61,229,1,0,0,0,0,3,0,0,0,2,0,89,0,2,1,0,0,13,13,15
2020/2/25,0,0,0,1,0,11,0,77754,0,0,1,14,17,3,0,95,322,11,0,0,2,0,3,0,0,0,2,0,91,0,6,1,0,0,13,13,15
2020/2/26,0,0,0,1,1,11,0,78166,0,0,1,18,27,3,0,139,453,26,0,0,2,0,3,0,0,0,2,0,93,0,13,2,0,0,13,13,15
2020/2/27,0,0,0,1,1,13,0,78600,0,0,1,38,46,3,0,245,655,43,0,1,2,0,3,0,0,0,2,0,93,0,15,7,0,0,13,15,16
2020/2/28,0,0,1,1,1,14,0,78928,0,0,1,57,48,3,0,388,888,45,1,1,4,0,3,0,0,0,2,0,93,0,32,7,0,0,19,20,16
2020/2/29,0,0,1,1,2,20,0,79356,0,0,1,100,79,3,0,593,1128,45,4,6,4,0,3,0,0,1,2,0,102,0,45,12,0,0,21,23,24
2020/3/1,0,0,1,2,2,24,0,79932,0,6,2,130,130,3,0,978,1694,45,5,10,4,0,3,0,0,3,2,0,106,0,84,14,0,0,21,36,30
2020/3/2,0,0,1,8,2,27,0,80136,0,6,2,191,159,5,2,1501,2036,56,5,18,5,0,3,0,2,3,3,1,108,0,120,15,0,0,21,40,53
2020/3/3,1,0,1,13,2,30,1,80261,0,7,2,204,196,5,2,2336,2502,56,5,24,5,0,3,0,2,7,3,1,110,0,165,21,0,1,27,51,73
2020/3/4,1,0,6,23,4,33,1,80386,0,10,2,285,262,28,2,2922,3089,56,5,38,5,0,3,1,5,8,3,1,110,0,222,35,0,1,27,85,104
2020/3/5,1,0,6,50,4,37,4,80537,0,13,3,377,482,30,2,3513,3858,58,5,82,6,0,3,1,8,8,4,5,117,1,259,94,0,1,29,115,174
2020/3/6,2,0,6,109,13,49,4,80690,1,13,15,653,670,31,4,4747,4636,58,6,128,6,1,5,5,13,8,13,5,130,1,400,101,0,1,29,163,222
2020/3/7,8,0,6,169,13,54,4,80770,1,13,15,949,799,34,4,5823,5883,61,6,188,6,1,6,5,20,8,13,5,138,1,500,161,0,1,45,206,337
2020/3/8,12,3,6,200,20,64,8,80823,1,14,49,1126,1040,39,6,6566,7375,64,7,265,6,6,10,11,30,15,17,11,150,3,673,203,0,1,45,273,451
2020/3/9,12,3,6,239,25,77,8,80860,1,15,55,1209,1176,43,19,7161,9172,64,7,321,16,7,20,16,30,18,17,15,150,3,1073,248,0,1,45,321,519
2020/3/10,17,3,9,267,31,79,13,80887,3,15,59,1784,1457,56,27,8042,10149,69,7,382,19,11,33,22,41,24,20,20,160,7,1695,355,0,1,74,382,711
2020/3/11,19,3,9,314,38,108,23,80921,9,17,60,2281,1908,62,34,9000,12462,72,8,503,20,11,49,31,59,262,20,21,178,13,2277,500,1,1,74,456,1109
2020/3/12,19,3,12,314,52,117,23,80932,9,17,67,2281,2078,73,34,10075,15113,80,12,503,28,15,52,49,59,262,28,45,178,17,2277,599,1,1,85,456,1561
2020/3/13,31,3,27,559,151,193,43,80945,13,17,80,3661,3675,82,69,11364,17660,80,26,804,31,28,64,68,112,320,45,86,200,24,5232,814,5,3,85,798,2157
2020/3/14,34,3,27,689,151,198,61,80977,22,28,109,4469,4585,102,96,12729,21157,104,41,959,53,38,111,103,169,337,59,103,212,38,6391,961,5,3,85,1140,2870
2020/3/15,45,5,27,886,162,252,74,81003,34,28,110,4499,5795,113,117,13938,24747,112,53,1135,136,43,140,119,245,401,63,103,226,51,7798,1022,6,3,98,1140,2968
2020/3/16,56,8,36,1058,200,415,155,81033,54,37,150,6633,7272,119,134,14991,27980,123,82,1413,236,86,142,177,331,439,90,118,243,62,9942,1103,18,7,98,1543,4360
2020/3/17,68,10,36,1243,321,478,201,81058,65,58,196,7652,9257,142,172,16169,31506,130,93,1705,299,117,187,238,448,439,114,171,266,62,11748,1190,47,14,98,1950,6141
2020/3/18,79,14,51,1486,372,657,238,81102,93,111,196,9043,12327,156,227,17361,35713,142,118,2051,454,145,202,251,448,452,147,171,313,116,13910,1279,98,14,113,2626,8914
2020/3/19,97,17,51,1795,621,800,238,81156,102,199,256,10871,15320,194,311,18407,41035,148,164,2460,501,234,217,355,785,460,199,274,345,150,17963,1439,192,16,140,2689,14153
2020/3/20,128,20,69,2257,793,943,434,81250,128,367,285,12612,19848,244,369,19644,47021,159,203,2994,730,234,230,425,1020,470,253,344,385,202,20410,1639,359,29,140,3983,19479
2020/3/21,158,25,76,2815,1021,1277,537,81305,196,506,294,14282,22213,330,450,20610,53578,176,251,3631,776,318,307,536,1280,481,306,392,432,240,25374,1763,670,47,153,5018,25818
2020/3/22,266,27,76,3401,1546,1469,632,81435,231,789,327,16018,24873,396,514,21638,59138,188,316,4204,875,363,380,634,1600,494,367,511,455,274,28768,1934,1236,73,153,5683,33756
2020/3/23,301,33,81,3743,1924,2088,746,81498,277,981,366,19856,29056,499,579,23049,63927,189,367,4749,972,395,462,749,2060,501,438,562,509,402,35136,2046,1529,73,198,6650,43845
2020/3/24,387,39,81,4269,2247,2790,922,81591,378,1082,402,22304,32986,536,686,24811,69176,191,405,5560,1063,416,552,901,2362,526,495,767,558,554,39885,2286,1872,97,248,8077,54108
2020/3/25,387,39,86,4937,2554,3251,1142,81661,470,1173,456,25233,37323,657,790,27017,74386,195,475,6412,1201,480,636,1051,2995,537,658,900,631,709,49515,2526,2433,145,333,9529,66044
2020/3/26,502,44,86,6235,2985,4042,1306,81782,491,1403,495,29155,43938,727,893,29406,80589,208,585,7431,1373,580,707,1221,3544,549,840,1012,683,927,57786,2840,3629,196,333,11658,84080
2020/3/27,589,48,94,7284,3417,4682,1610,81897,539,1595,536,32964,50871,887,1046,32332,86498,225,717,8603,1495,635,803,1389,4268,562,1036,1104,732,1170,65719,3069,5698,310,405,14543,102254
2020/3/28,690,48,94,9134,3904,5576,1909,81999,608,1823,576,37575,57695,987,1155,35408,92472,235,848,9762,1597,671,1075,1638,5170,590,1264,1203,802,1187,73235,3447,7402,356,468,17089,122054
2020/3/29,745,48,94,10836,4256,6280,2139,82122,702,1924,609,40174,62095,1024,1285,38309,97689,255,993,10866,1717,852,1418,1862,5962,634,1534,1299,844,1280,80110,3700,9217,475,570,19522,141194
2020/3/30,820,49,152,11899,4579,7398,2449,82198,798,1962,656,44550,66885,1251,1414,41495,101739,266,1094,11750,1938,950,1546,2055,6408,693,1836,1453,879,1326,87956,4028,10827,548,611,22141,162690
2020/3/31,1054,51,152,12775,5717,8527,2738,82279,906,2240,710,52128,71808,1397,1528,44605,105792,289,1215,12595,2118,1065,2084,2311,7443,781,2337,1563,926,1353,95923,4435,13531,645,664,25150,188701
2020/4/1,1054,54,163,13964,6836,9560,3031,82361,1065,2748,779,56989,77872,1998,1677,47593,110574,317,1378,13614,2421,1323,2311,2554,8251,835,2777,1720,1000,1380,104118,4947,15679,794,814,29474,214194
2020/4/2,1133,56,304,15348,8044,11284,3404,82432,1161,3163,865,59105,84794,2543,1790,50468,115242,342,1510,14697,2686,1414,2633,2946,9034,949,3548,1885,1049,1462,112065,5568,18135,897,1024,33718,244593
2020/4/3,1265,61,351,16770,9056,12437,3737,82511,1267,3368,985,64338,91159,2567,1986,53183,119827,417,1688,15723,2818,1595,3018,3383,9886,1075,4149,2039,1114,1505,119199,6131,20921,1072,1264,38168,276535
2020/4/4,1451,70,440,18431,10360,12978,4161,82543,1406,3465,1070,68605,96092,3082,2092,55743,124632,479,1890,16627,3157,1746,3094,3627,10524,1325,4731,2179,1189,1585,126168,6443,23934,1225,1505,41903,309699
2020/4/5,1451,88,562,19691,11130,15756,4471,82602,1485,3646,1173,70478,100123,3588,2273,58226,128948,556,2143,17851,3766,2281,3246,4102,11278,1604,5389,2402,1309,1655,131646,6830,27069,1308,1799,47806,337573
2020/4/6,1554,123,700,20814,12161,16563,4815,82665,1579,3747,1322,74390,103374,4778,2491,60500,132547,665,2439,18803,4035,2561,3660,4413,11730,1832,6343,2605,1375,1686,136675,7206,30217,1319,2076,51608,367210
2020/4/7,1628,164,861,22194,14034,17872,5116,82718,1780,3747,1450,78167,107663,5311,2738,62589,135586,743,2785,19580,4263,2954,3764,4848,12442,2057,7497,2795,1481,1749,141942,7693,34109,1462,2359,55242,397992
2020/4/8,1715,218,1066,23403,16170,19141,5546,82809,2054,4450,1560,82048,113296,5916,2956,64586,139422,855,3181,20549,4489,4342,3870,5205,13141,2210,8672,2932,1623,1845,148220,8419,38226,1668,2659,60733,429686
2020/4/9,1795,330,1486,24983,18092,20654,5972,82883,2223,4965,1699,86334,118181,6725,3293,66220,143626,910,3441,21762,4695,5256,4076,5575,13956,2376,10131,3287,1910,1934,153222,9141,42282,1892,2990,65077,464442
2020/4/10,1975,424,1981,26667,19638,22059,6501,82941,2473,7161,1794,90676,122171,7598,3512,68192,147577,993,3844,23097,5011,5897,4195,5955,15472,2512,11917,3651,2108,2003,158273,9685,47029,2203,3360,73758,497943
2020/4/11,1975,482,2226,28018,20727,23316,6927,83014,2709,7257,1939,93790,124908,8446,3842,70029,152271,1154,4219,24413,5230,6848,4428,6356,15987,2728,13584,4033,2299,2028,163027,10151,52167,2511,3736,78991,527958
2020/4/12,2142,621,2578,29647,22192,24299,7213,83134,2776,7466,2065,120633,127854,9205,4241,71686,156363,1234,4661,25587,5496,7519,4648,6674,16585,2979,15770,4462,2532,2173,166831,10483,56956,2777,4123,84279,556517
2020/4/13,2208,803,2919,30589,23430,25680,7525,83213,2852,7529,2190,124298,130072,10453,4557,73303,159516,1300,5014,26551,5837,9784,4932,6934,16934,3231,18328,4934,2918,2272,170099,10948,61049,3102,4521,88621,581810
2020/4/14,2277,1012,3281,31119,25262,27035,7917,83306,2979,7603,2350,129257,131359,11487,4839,74877,162488,1355,5399,27419,6383,10303,5223,7202,17448,3428,21102,5369,3252,2415,172541,11445,65111,3372,4933,93873,608845
2020/4/15,2443,1231,3728,33573,28320,28209,8273,83356,3105,7858,2505,132473,134753,12322,5136,76389,165155,1405,5847,28153,6919,11475,5453,7582,18091,3711,24490,5862,3699,2506,177644,11927,69392,3764,5365,98476,637974
2020/4/16,2571,1572,4204,34809,30425,30809,8807,83403,3233,8225,2673,144944,137698,13430,5516,77995,168941,1524,6297,29214,7025,12491,5660,7918,18841,4103,27938,6380,4427,2605,184948,12540,74193,4161,5825,103093,669272
2020/4/17,2669,1838,4779,36138,33682,32814,9252,83760,3439,8450,2844,146923,141397,14352,5923,79494,172434,1658,6875,30449,7638,13489,5878,8379,19022,4663,32008,7142,5050,2783,190839,13216,78546,4662,6302,108692,701996
2020/4/18,2758,2144,5297,37183,36658,34356,9730,83787,3439,9022,3032,146906,143342,15722,6248,80868,175925,1751,7497,31589,8348,14420,6087,8742,19685,5008,36793,8274,5992,3034,191726,13822,82329,5106,6302,114217,730317
2020/4/19,2839,2456,5807,38496,38654,35633,10088,83805,3792,9468,3144,151808,145184,17615,6575,82211,178972,1915,8261,32655,8418,15628,6259,9287,20206,5448,42853,9362,6588,3158,198674,14385,86306,5449,6781,120067,756375
2020/4/20,2941,2948,6264,39983,40743,37658,10507,83817,3977,10128,3333,154188,147065,18539,6760,83505,181228,1995,8772,33405,9565,16325,6459,9593,20863,6015,47121,10484,8014,3300,200210,14777,90980,5710,7265,124743,783716
2020/4/21,3031,3382,6723,40956,43079,39402,10832,83853,4149,10398,3490,156921,148291,20080,7135,84802,183957,2080,9501,34134,10076,17837,6599,9856,21379,6533,52763,11631,9125,3465,204178,15322,95591,6125,7755,129044,809213
2020/4/22,3144,3772,7281,41889,45757,41663,11296,83868,4356,10850,3659,154715,150648,21370,7418,85996,187327,2248,10544,34842,11155,19250,6710,10169,21982,7141,57999,12772,10141,3635,208389,16004,98674,6592,8238,133495,837414
2020/4/23,3435,4186,8022,42797,50036,43299,11812,83884,4561,11183,3891,157026,153129,23077,7775,87026,189973,2399,11633,35729,11940,20914,6981,10511,22353,7764,62773,13930,11178,3953,213024,16755,101790,7170,8756,138078,871617
2020/4/24,3607,4689,8773,44293,54043,44919,12306,83899,4881,22719,4092,158636,154999,24530,8211,88194,192994,2614,12872,36535,12723,21648,7192,10892,22797,8525,68622,15102,12075,4220,202990,17567,104912,7647,9281,143464,907908
2020/4/25,3780,4998,9590,45325,59324,46371,12858,83909,5142,22719,4319,160292,156513,26283,8607,89328,195351,2892,13842,37190,13328,25331,7294,11273,23392,9358,74588,16299,12693,4361,205905,18177,107773,8125,9813,148377,940829
2020/4/26,3892,5416,10463,46134,63100,48033,13331,83912,5379,22719,4534,160847,157770,27890,8882,90481,197675,3075,14677,37845,13915,27517,7579,11617,23864,10287,80949,17522,13624,4546,207634,18640,110130,8617,10349,152840,968517
2020/4/27,4003,5913,11289,46687,67446,49616,13813,83918,5597,23240,4782,164589,158758,29451,9096,91472,199414,3288,15529,38245,14612,28699,7777,11902,24027,11244,87147,18811,14423,4793,209465,18926,112261,9009,10839,157149,990993
2020/4/28,4127,6462,12208,47334,73235,51150,14365,83940,5949,24258,5042,167605,159912,31324,9511,92584,201505,3440,16752,38416,15525,31190,7958,12218,24322,11921,93558,20077,14951,4996,210773,19621,114653,9410,11380,161145,1015518
2020/4/29,4285,7103,13181,47859,79685,52865,14885,83944,6207,24675,5268,165093,161539,33062,9771,93657,203591,3740,17799,38802,16817,33931,8212,12640,24505,12564,99399,21402,15641,5350,212917,20302,117589,9866,11929,165221,1042926
2020/4/30,4428,7667,14027,48519,87187,54457,16023,83956,6507,24934,5537,165764,163009,34863,10118,94640,205463,4024,19224,39316,18114,36976,8488,12877,25045,13409,106498,22753,16169,5647,213435,21092,120204,10406,12481,171253,1072667
2020/5/1,4532,8238,14917,49032,92202,56343,17008,83959,7006,26336,5895,165764,164077,37257,10551,95646,207428,4377,20739,39791,19103,40459,8772,13105,25351,14096,114431,24097,17101,5951,215216,21520,122392,10861,13038,177454,1106829
2020/5/2,4681,8790,15828,49517,97100,57926,18435,83959,7285,27464,6193,166976,164967,39699,10843,96448,209328,4619,22088,40236,20084,42534,8928,13375,25190,14872,124054,25459,17548,6336,216582,22082,124375,11411,13599,182260,1136024
2020/5/3,4783,9455,16705,49906,101826,60504,19663,83964,7668,29538,6465,167272,165664,42505,11192,97424,210717,4983,23471,40571,20941,45928,9223,13693,25282,15551,134687,27011,18205,6783,217466,22317,126045,11913,14163,186599,1161611
2020/5/4,4887,10143,17489,50267,108620,61957,20643,83966,7973,31881,6813,167886,166152,46437,11587,98647,211938,5278,24905,40770,22049,47372,9485,14006,25524,16191,145268,28656,18778,7220,218011,22721,127659,12331,14730,190584,1184086
2020/5/5,5020,10929,18350,50509,115455,63215,22016,83968,8613,31881,7201,168935,167007,49400,12071,99970,213013,5804,26025,41087,24073,51189,9684,14431,25702,17142,155370,30251,19410,7572,219329,23216,129491,12697,15192,194990,1208271
2020/5/6,5208,11719,19255,50781,126611,64694,23048,83970,8959,31881,7588,172465,168162,52987,12438,101650,214457,6289,27634,41319,24644,54817,10004,14740,26182,17972,165929,31938,20198,7808,220325,23918,131744,13184,15738,201101,1233527
2020/5/7,5371,12425,20168,51420,135773,66201,24581,83975,9456,30298,7981,173040,169430,56351,12776,103135,215858,6567,29616,41774,26435,58526,10343,15047,26715,18890,177160,33731,20939,8232,221447,24623,133721,13691,16240,206715,1261409
2020/5/8,5611,13134,21101,52011,146894,67674,25972,83976,10051,28818,8476,174318,170588,59695,13112,104691,217185,7208,31522,42093,28736,61847,10463,15366,27268,20201,187859,35432,21707,8895,222857,25265,135569,14195,16793,211364,1288566
2020/5/9,5776,13770,22052,52596,156061,68918,27219,83990,10495,29071,8964,174758,171324,62808,13645,106220,218268,7623,33460,42382,30334,65015,10610,15651,27406,21331,198676,37136,22460,9420,223578,25921,137115,14710,17417,215260,1314306
2020/5/10,6034,14657,22973,53081,162699,70091,28866,84010,11063,29559,9400,175027,171879,67161,14032,107603,219070,8688,35022,42627,32081,67307,10794,15996,27581,22520,209688,39048,23336,10015,224350,26322,138657,15232,18198,219183,1334084
2020/5/11,6278,15691,23906,53449,169594,71264,30063,84011,11613,29509,9746,175479,172576,70768,14265,109286,219814,9286,36327,42788,34336,68822,11086,16326,27679,23623,221344,41014,23822,10652,227436,26670,139771,15648,18878,223060,1352962
2020/5/12,6563,16660,24873,53779,178214,72419,31721,84018,12272,30419,10093,176207,173171,74292,14749,110767,221216,10277,38324,42984,35298,72059,11350,16921,27913,25149,232243,42925,24671,11350,228030,27272,141475,16023,19661,226463,1374914
2020/5/13,6879,17822,25825,53981,190137,73568,34381,84024,12930,30486,10431,175981,174098,78055,15438,112725,222104,11028,40186,43211,35788,76306,11618,17204,28132,26539,242271,44830,25346,12074,228691,27909,143114,16425,20386,229705,1396109
2020/5/14,7134,18863,26772,54288,203165,74781,37040,84029,13610,30502,10829,176712,174478,81997,16006,114533,223096,11975,42595,43481,38799,80604,11876,17615,28319,28272,252245,46869,26098,12739,229540,28582,144749,16847,21084,233151,1423726
2020/5/15,7479,20065,27730,54644,220291,75959,39542,84038,14216,31467,11228,177319,175233,85784,16496,116635,223885,12860,45032,43681,38799,84495,12091,18016,28583,29425,262843,49176,26891,13524,230183,29207,146457,17330,21831,236711,1449026
2020/5/16,7805,20995,28681,54989,233511,77206,41428,84044,14939,32763,11719,177207,175752,90648,17025,118392,224760,13802,47144,43870,40151,88541,12305,18257,28810,30972,272043,52016,27356,14355,230698,29677,148067,17858,22627,240161,1474127
2020/5/17,8068,22268,29650,55280,241080,78332,43781,84054,15574,33182,12229,177240,176369,95698,17514,120198,225435,14850,49219,43995,42125,92273,12513,18529,29036,32604,281752,54752,28038,15515,230698,30143,149435,18291,23358,243695,1493131
2020/5/18,8371,23870,30572,55559,255368,79411,46059,84063,16295,33582,12764,177554,176551,100328,18010,122492,225886,15691,51633,44141,43966,94933,12718,18885,29209,33969,290678,57345,28343,16433,231606,30377,150593,18616,24190,246406,1514839
2020/5/19,8809,25121,31508,55791,271885,80493,49579,84063,16935,34151,13484,178428,177778,106475,18496,124603,226699,16764,54346,44249,45898,99483,12942,19268,29432,35606,299941,59854,28794,17200,232037,30799,151615,18876,25063,248818,1535337
2020/5/20,9283,26738,32426,55983,291579,81575,53617,84063,17687,34854,14229,179069,178473,112028,19189,126949,227364,17568,56594,44447,48091,104020,13221,19739,29660,37097,308705,62545,29364,18003,232555,31523,152587,19230,26004,248293,1558949
2020/5/21,9931,28511,33371,56235,310087,82742,57581,84063,18330,35306,15003,179306,179021,118226,20162,129341,228006,18609,59567,44700,50694,108769,13434,20143,29912,38651,317554,65077,29812,19137,233037,32172,153548,19706,26898,250908,1584486
2020/5/22,10649,30205,34303,56511,330890,83947,61857,84081,19131,35828,15786,179645,179710,124794,20796,131652,228658,19564,62527,44888,52437,111698,13597,20619,30200,40481,326448,67719,30426,20125,234824,32809,154500,20148,27892,254195,1608623
2020/5/23,11353,32078,35244,56810,347398,85151,65393,84084,20177,36258,16513,179964,179986,131423,21745,133521,229327,20464,65856,45064,54601,115754,13777,20931,30471,42213,335882,70161,31068,21343,235290,33188,155686,20580,28704,257154,1630450
2020/5/24,12076,33610,36198,57092,363211,86106,69102,84095,21175,36756,17265,179859,180328,138536,22271,135701,229858,21302,68620,45236,56349,119959,14035,21326,30623,43714,344481,72560,31616,22583,235772,33459,156827,20986,29485,259559,1651239
2020/5/25,12628,35585,37144,57342,374898,87119,73997,84102,21981,37355,17967,180166,180600,144950,22750,137724,230158,21967,71105,45445,57705,123979,14319,21631,30788,45465,353427,74795,31960,23615,235400,33843,157814,21245,30307,261184,1670209
2020/5/26,13228,36751,38059,57455,391222,88090,77961,84103,23003,37355,18756,179887,181200,150793,23165,139511,230555,22575,74560,45578,59151,129751,14669,22074,31007,47207,362342,76726,32343,24264,236259,34440,158762,21584,31086,265227,1689057
2020/5/27,13933,38292,38956,57592,411821,88989,82289,84106,24104,38103,19666,180044,181524,158086,23851,141591,231139,23267,78023,45768,61227,135905,15049,22473,31292,48947,370680,78541,32876,25937,236259,35088,159797,21905,31969,267240,1707423
2020/5/28,14702,40321,39858,57849,438238,89976,86943,84106,24141,38471,20793,183309,182196,165386,24538,143849,231732,24112,81400,45950,64028,141779,15588,22825,31596,50914,379051,80185,33249,27403,237906,35727,160979,22382,32532,269127,1730259
2020/5/29,15419,42844,40764,58061,465166,90909,90638,84123,25406,38571,22082,183816,182922,173491,25216,146668,232248,25184,84627,46126,66457,148285,16634,23155,31946,52907,387623,81766,33860,29240,238564,36476,162120,22811,33170,271222,1754747
2020/5/30,16214,44608,41658,58186,498440,91681,94858,84128,26734,38571,23449,185616,183189,181827,25773,148950,232664,26192,87512,46257,69496,155671,17224,23571,32203,55262,396575,83384,34366,30967,239228,37113,163103,23204,33896,272826,1778993
2020/5/31,16851,47153,42556,58381,514849,92479,99688,84146,27219,39098,24985,185851,183410,190609,26473,151466,232997,27043,90664,46442,72460,164476,18086,23786,32500,56910,405843,85261,34884,32683,239479,37542,163942,23672,34557,274762,1799122
2020/6/1,17415,49534,43403,58517,526447,93288,105158,84154,29384,39098,26384,185952,183594,198370,26940,154445,233197,27762,93435,46545,76398,170039,18638,24165,32700,58433,414328,87142,35292,34357,239638,37814,164769,24562,35192,276332,1816476
2020/6/2,18319,52445,44255,58615,555383,93960,108686,84161,30593,40414,27536,184980,183879,207191,27549,157562,233515,28649,97326,46647,80463,170039,18997,24395,32895,60259,423186,89011,35836,35812,239932,38589,165555,24895,35788,277985,1837367
2020/6/3,19268,55140,45116,58685,584016,94641,113628,84160,31935,40966,28615,188836,184121,216824,28233,160696,233836,29359,101238,46733,85264,178914,19748,24687,33261,62160,431715,91182,36405,37525,240326,40803,166422,25385,36359,279856,1857248
2020/6/4,20197,57563,45981,58767,614941,95269,118292,84171,33466,40966,29767,185986,184472,226713,28818,164270,234013,29921,105680,46942,89249,183198,20382,25048,33592,63741,440538,93157,36922,40792,240660,41883,167410,25981,37018,281661,1878543
2020/6/5,21037,60391,46868,58907,645771,95947,122499,84177,36759,41575,31115,186538,184924,236184,29521,167156,234531,30644,110026,47152,93983,187400,20626,25410,33969,65495,449256,95748,37183,43434,240978,42939,168340,26542,37642,283311,1903854
2020/6/6,22020,63026,47751,59072,672846,96475,127745,84186,36759,42728,32612,187067,185450,246622,30514,169425,234801,31131,113619,47335,98943,191758,21340,25986,34351,67195,458102,98869,37527,45973,241310,43887,169218,27101,38268,284868,1926538
2020/6/7,22794,65769,48630,59226,691758,97178,134150,84191,38149,43120,34079,187360,185750,257486,31186,171789,234998,31848,117103,47574,103671,196515,21895,26561,34693,68790,467073,101914,37910,48285,241550,44730,170132,27599,38808,286194,1944309
2020/6/8,23620,68504,49453,59348,707412,97779,138846,84195,40847,43378,35444,187458,186109,265928,32033,173832,235278,32510,120102,47739,108317,199696,22474,27160,34885,70158,476043,105283,38296,50879,241717,45133,171121,28077,39376,287399,1961781
2020/6/9,24761,71675,50265,59437,739503,98241,142759,84198,40847,43917,36829,187599,186506,276146,33076,175927,235561,33140,124301,47903,113702,203736,22992,27560,35306,71879,484630,108571,38514,52991,241966,45924,172114,28479,39904,289140,1979868
2020/6/10,25987,74865,51066,59569,772416,98720,148456,,42206,44440,38284,187996,186522,286605,34316,177938,235763,33823,129184,48087,119536,208823,23732,27842,35600,73595,493023,112288,38965,55421,242280,46814,173036,29015,40507,290143,2000702
2020/6/11,27373,78052,51816,59711,802828,99159,154092,,43810,44440,39726,188354,186691,297535,35295,180156,236142,34432,133974,48251,125933,214788,24175,28201,35910,75071,501800,116021,39387,58568,242707,48288,174023,29706,40986,291409,2023590
2020/6/12,28764,81523,52520,59819,828810,99595,160846,,45344,45778,41303,188918,187226,308993,36406,182525,236305,34952,139196,48461,125933,214788,24787,28577,36180,76588,510761,119942,39850,61927,243209,49684,175218,30415,41499,292950,2048986
2020/6/13,30295,84379,53241,59918,850514,100043,167355,,46994,46356,42980,189311,187267,320922,37420,184955,236651,35466,142690,48640,132405,220749,25392,29017,36463,78416,519458,123308,40197,65736,243605,50931,176677,31177,41990,294375,2074526
2020/6/14,31577,87520,53973,60029,867624,100404,174293,,48896,46751,44598,189602,187518,332424,38277,187427,236989,35920,146837,48783,144478,229736,25930,29392,36690,79602,528267,127541,40604,70038,243928,51614,178239,31851,42294,295889,2094058
2020/6/15,32785,90619,54680,60100,888271,100763,179436,,53168,47322,46289,189670,187682,343091,39294,189876,237290,36431,150264,48948,148921,232992,26420,29788,37036,80876,536484,132048,40818,73533,244109,52383,179831,32536,42636,296857,2114026
2020/6/16,34159,94481,55369,60155,923189,101087,184449,,53211,47943,47856,189595,188252,354065,40400,192439,237500,36958,154863,49087,154760,237156,26781,30195,37336,82077,544725,136315,40969,76334,244328,53323,181298,33209,42982,298136,2137731
2020/6/17,35552,98489,56032,60244,955377,101491,220628,,55083,48490,49219,189906,188604,366946,41431,195051,237828,37533,159793,49204,160118,240908,27238,30701,37672,83174,552549,141234,41216,80412,244683,54562,182727,33986,43364,299251,2163290
2020/6/18,37510,102292,56657,60348,978142,101877,225103,,57202,49097,50437,190107,189817,380532,42762,197647,238159,38074,165455,49319,165062,244388,27799,31015,38089,84441,560321,145991,41473,83890,245268,56043,184031,34833,43752,300469,2191052
2020/6/19,39570,105535,57333,60476,1032913,102314,231393,,60387,49731,52211,190676,190299,395048,43803,200262,238011,38678,170485,49426,171666,247925,28459,31316,38464,85462,568292,150292,41615,87715,245575,58076,185245,35755,44145,301815,2222579
2020/6/20,41204,108775,57936,60550,1067579,102762,236748,,63454,49731,53758,191112,190670,410451,45029,202584,238275,39145,175202,49502,176617,251338,29400,31620,38841,86488,576162,154233,41833,92681,245938,58591,186493,36615,44533,303110,2255297
2020/6/21,42785,112306,58505,60550,1083341,103078,242355,,68836,50640,55233,191117,191272,425282,45891,204952,238499,39650,180545,49593,181088,254936,30052,31931,39133,87369,583879,157612,42095,97302,246272,58848,187685,37361,44925,304331,2281655
2020/6/22,44931,115786,59023,60550,1106470,103418,246963,,71367,50640,56809,191442,191768,440215,46845,207525,238720,40291,185122,49658,185034,257447,30682,32227,39392,88403,591465,161005,42313,101590,246504,58932,188897,38056,45303,305289,2312302
2020/6/23,47203,119198,59487,60810,1145906,103767,250767,,73760,51643,58141,191730,192480,456183,47896,209970,238833,41033,191410,49722,188926,260810,31825,32527,39737,89579,598878,164144,42432,106108,246752,60837,190165,38901,45683,306210,2347491
2020/6/24,49851,122660,59945,60898,1188631,104087,254416,,73760,51643,59561,191543,192871,473105,49009,212501,239410,41879,196847,49804,192970,264689,32295,32821,40104,90778,606043,167267,42623,111796,247086,62324,191657,39852,46133,306862,2382327
2020/6/25,52457,126606,60382,61007,1228114,104463,259064,,77313,53156,61130,191288,193371,490401,50187,215096,239706,42788,202951,49914,195745,268602,33069,33119,40415,91838,613148,170639,42736,118375,247486,63890,193115,40854,46563,307980,2422299
